[{"fields": {"sortOrder": 1, "parent": null, "name": "kingdom"}, "model": "taxonomy.rank", "pk": 1}, {"fields": {"sortOrder": 2, "parent": 1, "name": "phylum"}, "model": "taxonomy.rank", "pk": 2}, {"fields": {"sortOrder": 3, "parent": 2, "name": "class"}, "model": "taxonomy.rank", "pk": 3}, {"fields": {"sortOrder": 4, "parent": 3, "name": "order"}, "model": "taxonomy.rank", "pk": 4}, {"fields": {"sortOrder": 5, "parent": 4, "name": "family"}, "model": "taxonomy.rank", "pk": 5}, {"fields": {"sortOrder": 8, "parent": 9, "name": "genus"}, "model": "taxonomy.rank", "pk": 6}, {"fields": {"sortOrder": 9, "parent": 6, "name": "species"}, "model": "taxonomy.rank", "pk": 7}, {"fields": {"sortOrder": 6, "parent": 5, "name": "subfamily"}, "model": "taxonomy.rank", "pk": 8}, {"fields": {"sortOrder": 7, "parent": 8, "name": "tribe"}, "model": "taxonomy.rank", "pk": 9}, {"fields": {"name": "Animalia", "parent": null, "lastModified": null, "notes": null, "rank": 1, "extant": true, "ref": null}, "model": "taxonomy.taxon", "pk": 1}, {"fields": {"name": "Chordata", "parent": 1, "lastModified": null, "notes": null, "rank": 2, "extant": true, "ref": null}, "model": "taxonomy.taxon", "pk": 2}, {"fields": {"name": "Mammalia", "parent": 2, "lastModified": null, "notes": null, "rank": 3, "extant": true, "ref": null}, "model": "taxonomy.taxon", "pk": 3}, {"fields": {"name": "Primates", "parent": 3, "lastModified": null, "notes": null, "rank": 4, "extant": true, "ref": null}, "model": "taxonomy.taxon", "pk": 4}, {"fields": {"name": "Hominidae", "parent": 4, "lastModified": null, "notes": null, "rank": 5, "extant": true, "ref": null}, "model": "taxonomy.taxon", "pk": 5}, {"fields": {"name": "Hominininae", "parent": 5, "lastModified": null, "notes": null, "rank": 8, "extant": true, "ref": null}, "model": "taxonomy.taxon", "pk": 6}, {"fields": {"name": "Hominini", "parent": 6, "lastModified": null, "notes": null, "rank": 9, "extant": true, "ref": null}, "model": "taxonomy.taxon", "pk": 7}, {"fields": {"name": "Homo", "parent": 7, "lastModified": null, "notes": null, "rank": 6, "extant": true, "ref": null}, "model": "taxonomy.taxon", "pk": 8}, {"fields": {"name": "sapiens", "parent": 8, "lastModified": null, "notes": null, "rank": 7, "extant": true, "ref": null}, "model": "taxonomy.taxon", "pk": 9}, {"fields": {"name": "Artiodactyla", "parent": 3, "lastModified": null, "notes": null, "rank": 4, "extant": true, "ref": null}, "model": "taxonomy.taxon", "pk": 12}, {"fields": {"name": "Perissodactyla", "parent": 3, "lastModified": null, "notes": null, "rank": 4, "extant": true, "ref": null}, "model": "taxonomy.taxon", "pk": 13}, {"fields": {"name": "Tubulidentata", "parent": 3, "lastModified": null, "notes": null, "rank": 4, "extant": true, "ref": null}, "model": "taxonomy.taxon", "pk": 14}, {"fields": {"name": "Proboscidea", "parent": 3, "lastModified": null, "notes": null, "rank": 4, "extant": true, "ref": null}, "model": "taxonomy.taxon", "pk": 15}, {"fields": {"name": "Hyracoidea", "parent": 3, "lastModified": null, "notes": null, "rank": 4, "extant": true, "ref": null}, "model": "taxonomy.taxon", "pk": 16}, {"fields": {"name": "Lagomorpha", "parent": 3, "lastModified": null, "notes": null, "rank": 4, "extant": true, "ref": null}, "model": "taxonomy.taxon", "pk": 17}, {"fields": {"name": "Rodentia", "parent": 3, "lastModified": null, "notes": null, "rank": 4, "extant": true, "ref": null}, "model": "taxonomy.taxon", "pk": 18}, {"fields": {"name": "Soricidae", "parent": 3, "lastModified": null, "notes": null, "rank": 4, "extant": true, "ref": null}, "model": "taxonomy.taxon", "pk": 19}, {"fields": {"name": "Carnivora", "parent": 3, "lastModified": null, "notes": null, "rank": 4, "extant": true, "ref": null}, "model": "taxonomy.taxon", "pk": 20}, {"fields": {"name": "Bovidae", "parent": 12, "lastModified": null, "notes": null, "rank": 5, "extant": true, "ref": null}, "model": "taxonomy.taxon", "pk": 21}, {"fields": {"name": "Cervidae", "parent": 12, "lastModified": null, "notes": null, "rank": 5, "extant": true, "ref": null}, "model": "taxonomy.taxon", "pk": 22}, {"fields": {"name": "Suidae", "parent": 12, "lastModified": null, "notes": null, "rank": 5, "extant": true, "ref": null}, "model": "taxonomy.taxon", "pk": 23}, {"fields": {"name": "Giraffidae", "parent": 12, "lastModified": null, "notes": null, "rank": 5, "extant": true, "ref": null}, "model": "taxonomy.taxon", "pk": 24}, {"fields": {"name": "Orycteropodidae", "parent": 14, "lastModified": null, "notes": null, "rank": 5, "extant": true, "ref": null}, "model": "taxonomy.taxon", "pk": 25}, {"fields": {"name": "Bathyergidae", "parent": 18, "lastModified": null, "notes": null, "rank": 5, "extant": true, "ref": null}, "model": "taxonomy.taxon", "pk": 26}, {"fields": {"name": "Pedetidae", "parent": 18, "lastModified": null, "notes": null, "rank": 5, "extant": true, "ref": null}, "model": "taxonomy.taxon", "pk": 27}, {"fields": {"name": "Camelidae", "parent": 12, "lastModified": null, "notes": null, "rank": 5, "extant": true, "ref": null}, "model": "taxonomy.taxon", "pk": 28}, {"fields": {"name": "Callitrichidae", "parent": 4, "lastModified": null, "notes": null, "rank": 5, "extant": true, "ref": null}, "model": "taxonomy.taxon", "pk": 29}, {"fields": {"name": "Cebidae", "parent": 4, "lastModified": null, "notes": null, "rank": 5, "extant": true, "ref": null}, "model": "taxonomy.taxon", "pk": 30}, {"fields": {"name": "Cercopithecidae", "parent": 4, "lastModified": null, "notes": null, "rank": 5, "extant": true, "ref": null}, "model": "taxonomy.taxon", "pk": 31}, {"fields": {"name": "Cheirogaleidae", "parent": 4, "lastModified": null, "notes": null, "rank": 5, "extant": true, "ref": null}, "model": "taxonomy.taxon", "pk": 32}, {"fields": {"name": "Cricetidae", "parent": 18, "lastModified": null, "notes": null, "rank": 5, "extant": true, "ref": null}, "model": "taxonomy.taxon", "pk": 33}, {"fields": {"name": "Elephantidae", "parent": 15, "lastModified": null, "notes": null, "rank": 5, "extant": true, "ref": null}, "model": "taxonomy.taxon", "pk": 34}, {"fields": {"name": "Equidae", "parent": 13, "lastModified": null, "notes": null, "rank": 5, "extant": true, "ref": null}, "model": "taxonomy.taxon", "pk": 35}, {"fields": {"name": "Felidae", "parent": 13, "lastModified": null, "notes": null, "rank": 5, "extant": true, "ref": null}, "model": "taxonomy.taxon", "pk": 36}, {"fields": {"name": "Insectivora", "parent": 3, "lastModified": null, "notes": null, "rank": 4, "extant": true, "ref": null}, "model": "taxonomy.taxon", "pk": 37}, {"fields": {"name": "Australopithecus", "parent": 7, "lastModified": null, "notes": null, "rank": 6, "extant": true, "ref": null}, "model": "taxonomy.taxon", "pk": 38}, {"fields": {"name": "afarensis", "parent": 38, "lastModified": null, "notes": "", "rank": 7, "extant": false, "ref": null}, "model": "taxonomy.taxon", "pk": 39}, {"fields": {"name": "Paranthropus", "parent": 7, "lastModified": null, "notes": "", "rank": 6, "extant": false, "ref": null}, "model": "taxonomy.taxon", "pk": 40}, {"fields": {"name": "robustus", "parent": 40, "lastModified": null, "notes": "", "rank": 7, "extant": false, "ref": null}, "model": "taxonomy.taxon", "pk": 41}, {"fields": {"name": "boisei", "parent": 40, "lastModified": null, "notes": "", "rank": 7, "extant": false, "ref": null}, "model": "taxonomy.taxon", "pk": 42}, {"fields": {"name": "aethiopicus", "parent": 40, "lastModified": null, "notes": "", "rank": 7, "extant": false, "ref": null}, "model": "taxonomy.taxon", "pk": 43}, {"fields": {"name": "Suinae", "parent": 23, "lastModified": null, "notes": null, "rank": 8, "extant": true, "ref": null}, "model": "taxonomy.taxon", "pk": 44}, {"fields": {"name": "Phacochoerini", "parent": 44, "lastModified": null, "notes": null, "rank": 9, "extant": true, "ref": null}, "model": "taxonomy.taxon", "pk": 45}, {"fields": {"name": "Potamochoerini", "parent": 44, "lastModified": null, "notes": null, "rank": 9, "extant": true, "ref": null}, "model": "taxonomy.taxon", "pk": 46}, {"fields": {"name": "Suini", "parent": 44, "lastModified": null, "notes": null, "rank": 9, "extant": true, "ref": null}, "model": "taxonomy.taxon", "pk": 47}, {"fields": {"name": "Potamochoerus", "parent": 46, "lastModified": null, "notes": null, "rank": 6, "extant": true, "ref": null}, "model": "taxonomy.taxon", "pk": 48}, {"fields": {"name": "Hylochoerus", "parent": 46, "lastModified": null, "notes": null, "rank": 6, "extant": true, "ref": null}, "model": "taxonomy.taxon", "pk": 49}, {"fields": {"name": "Bovinae", "parent": 21, "lastModified": null, "notes": "", "rank": 8, "extant": true, "ref": null}, "model": "taxonomy.taxon", "pk": 50}, {"fields": {"name": "Antilopinae", "parent": 21, "lastModified": null, "notes": "", "rank": 8, "extant": true, "ref": null}, "model": "taxonomy.taxon", "pk": 51}, {"fields": {"name": "Cephalophinae", "parent": 21, "lastModified": null, "notes": "", "rank": 8, "extant": true, "ref": null}, "model": "taxonomy.taxon", "pk": 52}, {"fields": {"name": "Reduncinae", "parent": 21, "lastModified": null, "notes": "", "rank": 8, "extant": true, "ref": null}, "model": "taxonomy.taxon", "pk": 53}, {"fields": {"name": "Aepycerotinae", "parent": 21, "lastModified": null, "notes": "", "rank": 8, "extant": true, "ref": null}, "model": "taxonomy.taxon", "pk": 54}, {"fields": {"name": "Caprinae", "parent": 21, "lastModified": null, "notes": "", "rank": 8, "extant": true, "ref": null}, "model": "taxonomy.taxon", "pk": 55}, {"fields": {"name": "Alcelaphinae", "parent": 21, "lastModified": null, "notes": "", "rank": 8, "extant": true, "ref": null}, "model": "taxonomy.taxon", "pk": 56}, {"fields": {"name": "Hippotraginae", "parent": 21, "lastModified": null, "notes": "", "rank": 8, "extant": true, "ref": null}, "model": "taxonomy.taxon", "pk": 57}, {"fields": {"name": "Bovini", "parent": 50, "lastModified": null, "notes": "", "rank": 9, "extant": true, "ref": 4}, "model": "taxonomy.taxon", "pk": 58}, {"fields": {"name": "Boselaphini", "parent": 50, "lastModified": null, "notes": "", "rank": 9, "extant": true, "ref": null}, "model": "taxonomy.taxon", "pk": 59}, {"fields": {"name": "Tragelaphini", "parent": 50, "lastModified": null, "notes": "", "rank": 9, "extant": true, "ref": null}, "model": "taxonomy.taxon", "pk": 60}, {"fields": {"name": "Antilopini", "parent": 51, "lastModified": null, "notes": "", "rank": 9, "extant": true, "ref": null}, "model": "taxonomy.taxon", "pk": 61}, {"fields": {"name": "Neotragini", "parent": 51, "lastModified": null, "notes": "", "rank": 9, "extant": true, "ref": null}, "model": "taxonomy.taxon", "pk": 62}, {"fields": {"name": "Cephalophini", "parent": 52, "lastModified": null, "notes": "", "rank": 9, "extant": true, "ref": null}, "model": "taxonomy.taxon", "pk": 63}, {"fields": {"name": "Reduncini", "parent": 53, "lastModified": null, "notes": "", "rank": 9, "extant": true, "ref": null}, "model": "taxonomy.taxon", "pk": 64}, {"fields": {"name": "Peleini", "parent": 53, "lastModified": null, "notes": "", "rank": 9, "extant": true, "ref": null}, "model": "taxonomy.taxon", "pk": 65}, {"fields": {"name": "Pelea", "parent": 65, "lastModified": null, "notes": "", "rank": 6, "extant": true, "ref": null}, "model": "taxonomy.taxon", "pk": 66}, {"fields": {"name": "capreolus", "parent": 66, "lastModified": null, "notes": "", "rank": 7, "extant": true, "ref": null}, "model": "taxonomy.taxon", "pk": 67}, {"fields": {"name": "Aepycerotini", "parent": 54, "lastModified": null, "notes": "", "rank": 9, "extant": true, "ref": null}, "model": "taxonomy.taxon", "pk": 68}, {"fields": {"name": "Aepyceros", "parent": 68, "lastModified": null, "notes": "", "rank": 6, "extant": true, "ref": null}, "model": "taxonomy.taxon", "pk": 69}, {"fields": {"name": "melampus", "parent": 69, "lastModified": null, "notes": "", "rank": 7, "extant": true, "ref": null}, "model": "taxonomy.taxon", "pk": 70}, {"fields": {"name": "shungurae", "parent": 69, "lastModified": null, "notes": "", "rank": 7, "extant": true, "ref": null}, "model": "taxonomy.taxon", "pk": 71}, {"fields": {"name": "datoadenai", "parent": 69, "lastModified": "2015-07-23T18:24:56.830Z", "notes": "", "rank": 7, "extant": false, "ref": null}, "model": "taxonomy.taxon", "pk": 72}, {"fields": {"name": "Alcelaphini", "parent": 56, "lastModified": "2015-07-24T21:49:15.035Z", "notes": "", "rank": 9, "extant": true, "ref": null}, "model": "taxonomy.taxon", "pk": 73}, {"fields": {"middleName": "", "lastName": "Barr", "firstName": "W. Andrew"}, "model": "references.author", "pk": 2}, {"fields": {"middleName": "", "lastName": "Hern\u00e1ndez Fern\u00e1ndez", "firstName": "Manuel"}, "model": "references.author", "pk": 4}, {"fields": {"middleName": "", "lastName": "Vrba", "firstName": "Elisabeth"}, "model": "references.author", "pk": 5}, {"fields": {"middleName": "", "lastName": "Geraads", "firstName": "Denis"}, "model": "references.author", "pk": 6}, {"fields": {"doi": "", "title": "", "journal": "", "volume": null, "year": 2005, "issue": null, "pages": ""}, "model": "references.reference", "pk": 4}, {"fields": {"orderNumber": 1, "reference": 4, "author": 4}, "model": "references.authororder", "pk": 7}, {"fields": {"orderNumber": 2, "reference": 4, "author": 5}, "model": "references.authororder", "pk": 8}]