[{"fields": {"model": "logentry", "app_label": "admin"}, "model": "contenttypes.contenttype", "pk": 1}, {"fields": {"model": "permission", "app_label": "auth"}, "model": "contenttypes.contenttype", "pk": 2}, {"fields": {"model": "group", "app_label": "auth"}, "model": "contenttypes.contenttype", "pk": 3}, {"fields": {"model": "user", "app_label": "auth"}, "model": "contenttypes.contenttype", "pk": 4}, {"fields": {"model": "contenttype", "app_label": "contenttypes"}, "model": "contenttypes.contenttype", "pk": 5}, {"fields": {"model": "session", "app_label": "sessions"}, "model": "contenttypes.contenttype", "pk": 6}, {"fields": {"model": "rank", "app_label": "taxonomy"}, "model": "contenttypes.contenttype", "pk": 7}, {"fields": {"model": "taxon", "app_label": "taxonomy"}, "model": "contenttypes.contenttype", "pk": 8}, {"fields": {"model": "author", "app_label": "references"}, "model": "contenttypes.contenttype", "pk": 9}, {"fields": {"model": "reference", "app_label": "references"}, "model": "contenttypes.contenttype", "pk": 10}, {"fields": {"model": "authororder", "app_label": "references"}, "model": "contenttypes.contenttype", "pk": 11}, {"fields": {"model": "token", "app_label": "authtoken"}, "model": "contenttypes.contenttype", "pk": 12}, {"fields": {"model": "corsmodel", "app_label": "corsheaders"}, "model": "contenttypes.contenttype", "pk": 13}, {"fields": {"expire_date": "2015-07-31T15:09:14.932Z", "session_data": "ZWU5MzcxZWFkYWIzMjU1YmYyZmMwZmUyYjFlMWZlN2FiNWI3NTM2Yjp7Il9hdXRoX3VzZXJfaGFzaCI6ImI3ZWFmYjJjNjUwZDA1NTY1NmIxZDM2YjhmZmEwODYwMDI2N2VhMDAiLCJfYXV0aF91c2VyX2JhY2tlbmQiOiJkamFuZ28uY29udHJpYi5hdXRoLmJhY2tlbmRzLk1vZGVsQmFja2VuZCIsIl9hdXRoX3VzZXJfaWQiOiIxIn0="}, "model": "sessions.session", "pk": "fkyejwwzmnnsb1esbeqz9nq1139x9alz"}, {"fields": {"expire_date": "2015-08-02T21:44:49.760Z", "session_data": "ZWU5MzcxZWFkYWIzMjU1YmYyZmMwZmUyYjFlMWZlN2FiNWI3NTM2Yjp7Il9hdXRoX3VzZXJfaGFzaCI6ImI3ZWFmYjJjNjUwZDA1NTY1NmIxZDM2YjhmZmEwODYwMDI2N2VhMDAiLCJfYXV0aF91c2VyX2JhY2tlbmQiOiJkamFuZ28uY29udHJpYi5hdXRoLmJhY2tlbmRzLk1vZGVsQmFja2VuZCIsIl9hdXRoX3VzZXJfaWQiOiIxIn0="}, "model": "sessions.session", "pk": "irjzxw6yp498lq2lfxr6pjq5jnexkm9g"}, {"fields": {"expire_date": "2015-07-31T13:18:32.747Z", "session_data": "ZWU5MzcxZWFkYWIzMjU1YmYyZmMwZmUyYjFlMWZlN2FiNWI3NTM2Yjp7Il9hdXRoX3VzZXJfaGFzaCI6ImI3ZWFmYjJjNjUwZDA1NTY1NmIxZDM2YjhmZmEwODYwMDI2N2VhMDAiLCJfYXV0aF91c2VyX2JhY2tlbmQiOiJkamFuZ28uY29udHJpYi5hdXRoLmJhY2tlbmRzLk1vZGVsQmFja2VuZCIsIl9hdXRoX3VzZXJfaWQiOiIxIn0="}, "model": "sessions.session", "pk": "lfa2yqvfoukxquenbiuelaqsw8r930vk"}, {"fields": {"expire_date": "2015-07-31T18:20:02.768Z", "session_data": "ODM3Yjk4YTc0MWZiZWMzZDY5ODMxMjAzMTNmZjg5MzEwMWVjMGIzMDp7fQ=="}, "model": "sessions.session", "pk": "u8xmuvr0ajx38cbeywbdnm56kr8pq6zu"}, {"fields": {"sortOrder": 1, "parent": null, "name": "kingdom"}, "model": "taxonomy.rank", "pk": 1}, {"fields": {"sortOrder": 2, "parent": 1, "name": "phylum"}, "model": "taxonomy.rank", "pk": 2}, {"fields": {"sortOrder": 3, "parent": 2, "name": "class"}, "model": "taxonomy.rank", "pk": 3}, {"fields": {"sortOrder": 4, "parent": 3, "name": "order"}, "model": "taxonomy.rank", "pk": 4}, {"fields": {"sortOrder": 5, "parent": 4, "name": "family"}, "model": "taxonomy.rank", "pk": 5}, {"fields": {"sortOrder": 8, "parent": 9, "name": "genus"}, "model": "taxonomy.rank", "pk": 6}, {"fields": {"sortOrder": 9, "parent": 6, "name": "species"}, "model": "taxonomy.rank", "pk": 7}, {"fields": {"sortOrder": 6, "parent": 5, "name": "subfamily"}, "model": "taxonomy.rank", "pk": 8}, {"fields": {"sortOrder": 7, "parent": 8, "name": "tribe"}, "model": "taxonomy.rank", "pk": 9}, {"fields": {"parent": null, "ref": null, "name": "Animalia", "rank": 1}, "model": "taxonomy.taxon", "pk": 1}, {"fields": {"parent": 1, "ref": null, "name": "Chordata", "rank": 2}, "model": "taxonomy.taxon", "pk": 2}, {"fields": {"parent": 2, "ref": null, "name": "Mammalia", "rank": 3}, "model": "taxonomy.taxon", "pk": 3}, {"fields": {"parent": 3, "ref": null, "name": "Primates", "rank": 4}, "model": "taxonomy.taxon", "pk": 4}, {"fields": {"parent": 4, "ref": null, "name": "Hominidae", "rank": 5}, "model": "taxonomy.taxon", "pk": 5}, {"fields": {"parent": 5, "ref": null, "name": "Hominininae", "rank": 8}, "model": "taxonomy.taxon", "pk": 6}, {"fields": {"parent": 6, "ref": null, "name": "Hominini", "rank": 9}, "model": "taxonomy.taxon", "pk": 7}, {"fields": {"parent": 7, "ref": null, "name": "Homo", "rank": 6}, "model": "taxonomy.taxon", "pk": 8}, {"fields": {"parent": 8, "ref": null, "name": "sapiens", "rank": 7}, "model": "taxonomy.taxon", "pk": 9}, {"fields": {"parent": 3, "ref": null, "name": "Artiodactyla", "rank": 4}, "model": "taxonomy.taxon", "pk": 12}, {"fields": {"parent": 3, "ref": null, "name": "Perissodactyla", "rank": 4}, "model": "taxonomy.taxon", "pk": 13}, {"fields": {"parent": 3, "ref": null, "name": "Tubulidentata", "rank": 4}, "model": "taxonomy.taxon", "pk": 14}, {"fields": {"parent": 3, "ref": null, "name": "Proboscidea", "rank": 4}, "model": "taxonomy.taxon", "pk": 15}, {"fields": {"parent": 3, "ref": null, "name": "Hyracoidea", "rank": 4}, "model": "taxonomy.taxon", "pk": 16}, {"fields": {"parent": 3, "ref": null, "name": "Lagomorpha", "rank": 4}, "model": "taxonomy.taxon", "pk": 17}, {"fields": {"parent": 3, "ref": null, "name": "Rodentia", "rank": 4}, "model": "taxonomy.taxon", "pk": 18}, {"fields": {"parent": 3, "ref": null, "name": "Soricidae", "rank": 4}, "model": "taxonomy.taxon", "pk": 19}, {"fields": {"parent": 3, "ref": null, "name": "Carnivora", "rank": 4}, "model": "taxonomy.taxon", "pk": 20}, {"fields": {"middleName": "", "lastName": "Shakespeare", "firstName": "Bill"}, "model": "references.author", "pk": 1}, {"fields": {"middleName": "", "lastName": "Barr", "firstName": "Will"}, "model": "references.author", "pk": 2}, {"fields": {"middleName": "", "lastName": "Twain", "firstName": "Mark"}, "model": "references.author", "pk": 3}, {"fields": {"doi": "", "title": "Hiya", "journal": "AJOA", "volume": 12, "year": 1994, "issue": 14, "pages": "123-123"}, "model": "references.reference", "pk": 1}, {"fields": {"doi": "", "title": "", "journal": "", "volume": null, "year": 2015, "issue": null, "pages": ""}, "model": "references.reference", "pk": 2}, {"fields": {"doi": "", "title": "", "journal": "", "volume": null, "year": 1899, "issue": null, "pages": ""}, "model": "references.reference", "pk": 3}, {"fields": {"orderNumber": 1, "reference": 1, "author": 1}, "model": "references.authororder", "pk": 1}, {"fields": {"orderNumber": 2, "reference": 1, "author": 2}, "model": "references.authororder", "pk": 2}, {"fields": {"orderNumber": 2, "reference": 2, "author": 2}, "model": "references.authororder", "pk": 3}, {"fields": {"orderNumber": 1, "reference": 2, "author": 1}, "model": "references.authororder", "pk": 4}, {"fields": {"orderNumber": 3, "reference": 2, "author": 3}, "model": "references.authororder", "pk": 5}, {"fields": {"orderNumber": 1, "reference": 3, "author": 3}, "model": "references.authororder", "pk": 6}, {"fields": {"codename": "add_logentry", "name": "Can add log entry", "content_type": ["admin", "logentry"]}, "model": "auth.permission", "pk": 1}, {"fields": {"codename": "change_logentry", "name": "Can change log entry", "content_type": ["admin", "logentry"]}, "model": "auth.permission", "pk": 2}, {"fields": {"codename": "delete_logentry", "name": "Can delete log entry", "content_type": ["admin", "logentry"]}, "model": "auth.permission", "pk": 3}, {"fields": {"codename": "add_permission", "name": "Can add permission", "content_type": ["auth", "permission"]}, "model": "auth.permission", "pk": 4}, {"fields": {"codename": "change_permission", "name": "Can change permission", "content_type": ["auth", "permission"]}, "model": "auth.permission", "pk": 5}, {"fields": {"codename": "delete_permission", "name": "Can delete permission", "content_type": ["auth", "permission"]}, "model": "auth.permission", "pk": 6}, {"fields": {"codename": "add_group", "name": "Can add group", "content_type": ["auth", "group"]}, "model": "auth.permission", "pk": 7}, {"fields": {"codename": "change_group", "name": "Can change group", "content_type": ["auth", "group"]}, "model": "auth.permission", "pk": 8}, {"fields": {"codename": "delete_group", "name": "Can delete group", "content_type": ["auth", "group"]}, "model": "auth.permission", "pk": 9}, {"fields": {"codename": "add_user", "name": "Can add user", "content_type": ["auth", "user"]}, "model": "auth.permission", "pk": 10}, {"fields": {"codename": "change_user", "name": "Can change user", "content_type": ["auth", "user"]}, "model": "auth.permission", "pk": 11}, {"fields": {"codename": "delete_user", "name": "Can delete user", "content_type": ["auth", "user"]}, "model": "auth.permission", "pk": 12}, {"fields": {"codename": "add_contenttype", "name": "Can add content type", "content_type": ["contenttypes", "contenttype"]}, "model": "auth.permission", "pk": 13}, {"fields": {"codename": "change_contenttype", "name": "Can change content type", "content_type": ["contenttypes", "contenttype"]}, "model": "auth.permission", "pk": 14}, {"fields": {"codename": "delete_contenttype", "name": "Can delete content type", "content_type": ["contenttypes", "contenttype"]}, "model": "auth.permission", "pk": 15}, {"fields": {"codename": "add_session", "name": "Can add session", "content_type": ["sessions", "session"]}, "model": "auth.permission", "pk": 16}, {"fields": {"codename": "change_session", "name": "Can change session", "content_type": ["sessions", "session"]}, "model": "auth.permission", "pk": 17}, {"fields": {"codename": "delete_session", "name": "Can delete session", "content_type": ["sessions", "session"]}, "model": "auth.permission", "pk": 18}, {"fields": {"codename": "add_rank", "name": "Can add rank", "content_type": ["taxonomy", "rank"]}, "model": "auth.permission", "pk": 19}, {"fields": {"codename": "change_rank", "name": "Can change rank", "content_type": ["taxonomy", "rank"]}, "model": "auth.permission", "pk": 20}, {"fields": {"codename": "delete_rank", "name": "Can delete rank", "content_type": ["taxonomy", "rank"]}, "model": "auth.permission", "pk": 21}, {"fields": {"codename": "add_taxon", "name": "Can add taxon", "content_type": ["taxonomy", "taxon"]}, "model": "auth.permission", "pk": 22}, {"fields": {"codename": "change_taxon", "name": "Can change taxon", "content_type": ["taxonomy", "taxon"]}, "model": "auth.permission", "pk": 23}, {"fields": {"codename": "delete_taxon", "name": "Can delete taxon", "content_type": ["taxonomy", "taxon"]}, "model": "auth.permission", "pk": 24}, {"fields": {"codename": "add_author", "name": "Can add author", "content_type": ["references", "author"]}, "model": "auth.permission", "pk": 25}, {"fields": {"codename": "change_author", "name": "Can change author", "content_type": ["references", "author"]}, "model": "auth.permission", "pk": 26}, {"fields": {"codename": "delete_author", "name": "Can delete author", "content_type": ["references", "author"]}, "model": "auth.permission", "pk": 27}, {"fields": {"codename": "add_reference", "name": "Can add reference", "content_type": ["references", "reference"]}, "model": "auth.permission", "pk": 28}, {"fields": {"codename": "change_reference", "name": "Can change reference", "content_type": ["references", "reference"]}, "model": "auth.permission", "pk": 29}, {"fields": {"codename": "delete_reference", "name": "Can delete reference", "content_type": ["references", "reference"]}, "model": "auth.permission", "pk": 30}, {"fields": {"codename": "add_authororder", "name": "Can add author", "content_type": ["references", "authororder"]}, "model": "auth.permission", "pk": 31}, {"fields": {"codename": "change_authororder", "name": "Can change author", "content_type": ["references", "authororder"]}, "model": "auth.permission", "pk": 32}, {"fields": {"codename": "delete_authororder", "name": "Can delete author", "content_type": ["references", "authororder"]}, "model": "auth.permission", "pk": 33}, {"fields": {"codename": "add_token", "name": "Can add token", "content_type": ["authtoken", "token"]}, "model": "auth.permission", "pk": 34}, {"fields": {"codename": "change_token", "name": "Can change token", "content_type": ["authtoken", "token"]}, "model": "auth.permission", "pk": 35}, {"fields": {"codename": "delete_token", "name": "Can delete token", "content_type": ["authtoken", "token"]}, "model": "auth.permission", "pk": 36}, {"fields": {"codename": "add_corsmodel", "name": "Can add cors model", "content_type": ["corsheaders", "corsmodel"]}, "model": "auth.permission", "pk": 37}, {"fields": {"codename": "change_corsmodel", "name": "Can change cors model", "content_type": ["corsheaders", "corsmodel"]}, "model": "auth.permission", "pk": 38}, {"fields": {"codename": "delete_corsmodel", "name": "Can delete cors model", "content_type": ["corsheaders", "corsmodel"]}, "model": "auth.permission", "pk": 39}, {"fields": {"username": "wabarr", "first_name": "", "last_name": "", "is_active": true, "is_superuser": true, "is_staff": true, "last_login": "2015-07-19T21:44:49.749Z", "groups": [], "user_permissions": [], "password": "pbkdf2_sha256$20000$95f8B65ZbMqf$32r5k/UnojpyQuRgOtyT2sBjufIqFyg6si29Ot0klJo=", "email": "wabarr@gmail.com", "date_joined": "2015-07-17T13:18:12.172Z"}, "model": "auth.user", "pk": 1}, {"fields": {"user": ["wabarr"], "created": "2015-07-19T13:18:24.593Z"}, "model": "authtoken.token", "pk": "c5c880a2dd862dd1563a918a77157ded12cc11bd"}, {"fields": {"action_flag": 1, "action_time": "2015-07-17T13:19:13.036Z", "object_repr": "Bill  Shakespeare", "object_id": "1", "change_message": "", "user": ["wabarr"], "content_type": ["references", "author"]}, "model": "admin.logentry", "pk": 1}, {"fields": {"action_flag": 1, "action_time": "2015-07-17T13:19:39.109Z", "object_repr": "Will  Barr", "object_id": "2", "change_message": "", "user": ["wabarr"], "content_type": ["references", "author"]}, "model": "admin.logentry", "pk": 2}, {"fields": {"action_flag": 1, "action_time": "2015-07-17T13:19:45.552Z", "object_repr": "(Shakespeare & Barr, 1994)", "object_id": "1", "change_message": "", "user": ["wabarr"], "content_type": ["references", "reference"]}, "model": "admin.logentry", "pk": 3}, {"fields": {"action_flag": 1, "action_time": "2015-07-17T13:20:09.413Z", "object_repr": "Mark  Twain", "object_id": "3", "change_message": "", "user": ["wabarr"], "content_type": ["references", "author"]}, "model": "admin.logentry", "pk": 4}, {"fields": {"action_flag": 1, "action_time": "2015-07-17T13:20:17.688Z", "object_repr": "(Shakespeare et al., 2015)", "object_id": "2", "change_message": "", "user": ["wabarr"], "content_type": ["references", "reference"]}, "model": "admin.logentry", "pk": 5}, {"fields": {"action_flag": 1, "action_time": "2015-07-17T13:20:40.658Z", "object_repr": "(Twain, 1899)", "object_id": "3", "change_message": "", "user": ["wabarr"], "content_type": ["references", "reference"]}, "model": "admin.logentry", "pk": 6}, {"fields": {"action_flag": 1, "action_time": "2015-07-17T13:29:37.743Z", "object_repr": "Kingdom", "object_id": "1", "change_message": "", "user": ["wabarr"], "content_type": ["taxonomy", "rank"]}, "model": "admin.logentry", "pk": 7}, {"fields": {"action_flag": 1, "action_time": "2015-07-17T13:29:49.990Z", "object_repr": "Phylum", "object_id": "2", "change_message": "", "user": ["wabarr"], "content_type": ["taxonomy", "rank"]}, "model": "admin.logentry", "pk": 8}, {"fields": {"action_flag": 1, "action_time": "2015-07-17T13:30:16.901Z", "object_repr": "Class", "object_id": "3", "change_message": "", "user": ["wabarr"], "content_type": ["taxonomy", "rank"]}, "model": "admin.logentry", "pk": 9}, {"fields": {"action_flag": 1, "action_time": "2015-07-17T13:30:45.416Z", "object_repr": "Order", "object_id": "4", "change_message": "", "user": ["wabarr"], "content_type": ["taxonomy", "rank"]}, "model": "admin.logentry", "pk": 10}, {"fields": {"action_flag": 1, "action_time": "2015-07-17T13:32:48.598Z", "object_repr": "Family", "object_id": "5", "change_message": "", "user": ["wabarr"], "content_type": ["taxonomy", "rank"]}, "model": "admin.logentry", "pk": 11}, {"fields": {"action_flag": 1, "action_time": "2015-07-17T13:32:56.769Z", "object_repr": "Genus", "object_id": "6", "change_message": "", "user": ["wabarr"], "content_type": ["taxonomy", "rank"]}, "model": "admin.logentry", "pk": 12}, {"fields": {"action_flag": 1, "action_time": "2015-07-17T13:33:11.657Z", "object_repr": "species", "object_id": "7", "change_message": "", "user": ["wabarr"], "content_type": ["taxonomy", "rank"]}, "model": "admin.logentry", "pk": 13}, {"fields": {"action_flag": 2, "action_time": "2015-07-17T13:35:04.127Z", "object_repr": "kingdom", "object_id": "1", "change_message": "Changed name.", "user": ["wabarr"], "content_type": ["taxonomy", "rank"]}, "model": "admin.logentry", "pk": 14}, {"fields": {"action_flag": 2, "action_time": "2015-07-17T13:35:04.130Z", "object_repr": "phylum", "object_id": "2", "change_message": "Changed name.", "user": ["wabarr"], "content_type": ["taxonomy", "rank"]}, "model": "admin.logentry", "pk": 15}, {"fields": {"action_flag": 2, "action_time": "2015-07-17T13:35:04.133Z", "object_repr": "class", "object_id": "3", "change_message": "Changed name.", "user": ["wabarr"], "content_type": ["taxonomy", "rank"]}, "model": "admin.logentry", "pk": 16}, {"fields": {"action_flag": 2, "action_time": "2015-07-17T13:35:04.137Z", "object_repr": "order", "object_id": "4", "change_message": "Changed name.", "user": ["wabarr"], "content_type": ["taxonomy", "rank"]}, "model": "admin.logentry", "pk": 17}, {"fields": {"action_flag": 2, "action_time": "2015-07-17T13:35:04.144Z", "object_repr": "family", "object_id": "5", "change_message": "Changed name.", "user": ["wabarr"], "content_type": ["taxonomy", "rank"]}, "model": "admin.logentry", "pk": 18}, {"fields": {"action_flag": 2, "action_time": "2015-07-17T13:35:04.149Z", "object_repr": "genus", "object_id": "6", "change_message": "Changed name.", "user": ["wabarr"], "content_type": ["taxonomy", "rank"]}, "model": "admin.logentry", "pk": 19}, {"fields": {"action_flag": 1, "action_time": "2015-07-17T13:35:55.055Z", "object_repr": "Animalia(kingdom)", "object_id": "1", "change_message": "", "user": ["wabarr"], "content_type": ["taxonomy", "taxon"]}, "model": "admin.logentry", "pk": 20}, {"fields": {"action_flag": 1, "action_time": "2015-07-17T13:36:52.944Z", "object_repr": "Chordata (PHYLUM)", "object_id": "2", "change_message": "", "user": ["wabarr"], "content_type": ["taxonomy", "taxon"]}, "model": "admin.logentry", "pk": 21}, {"fields": {"action_flag": 1, "action_time": "2015-07-17T13:37:08.463Z", "object_repr": "Mammalia (CLASS)", "object_id": "3", "change_message": "", "user": ["wabarr"], "content_type": ["taxonomy", "taxon"]}, "model": "admin.logentry", "pk": 22}, {"fields": {"action_flag": 1, "action_time": "2015-07-17T13:37:17.492Z", "object_repr": "Primates (ORDER)", "object_id": "4", "change_message": "", "user": ["wabarr"], "content_type": ["taxonomy", "taxon"]}, "model": "admin.logentry", "pk": 23}, {"fields": {"action_flag": 1, "action_time": "2015-07-17T13:37:39.618Z", "object_repr": "Hominidae (FAMILY)", "object_id": "5", "change_message": "", "user": ["wabarr"], "content_type": ["taxonomy", "taxon"]}, "model": "admin.logentry", "pk": 24}, {"fields": {"action_flag": 1, "action_time": "2015-07-17T13:38:36.878Z", "object_repr": "subfamily", "object_id": "8", "change_message": "", "user": ["wabarr"], "content_type": ["taxonomy", "rank"]}, "model": "admin.logentry", "pk": 25}, {"fields": {"action_flag": 2, "action_time": "2015-07-17T13:38:53.185Z", "object_repr": "genus", "object_id": "6", "change_message": "Changed sortOrder.", "user": ["wabarr"], "content_type": ["taxonomy", "rank"]}, "model": "admin.logentry", "pk": 26}, {"fields": {"action_flag": 2, "action_time": "2015-07-17T13:38:53.190Z", "object_repr": "subfamily", "object_id": "8", "change_message": "Changed sortOrder.", "user": ["wabarr"], "content_type": ["taxonomy", "rank"]}, "model": "admin.logentry", "pk": 27}, {"fields": {"action_flag": 2, "action_time": "2015-07-17T13:38:53.192Z", "object_repr": "species", "object_id": "7", "change_message": "Changed sortOrder.", "user": ["wabarr"], "content_type": ["taxonomy", "rank"]}, "model": "admin.logentry", "pk": 28}, {"fields": {"action_flag": 2, "action_time": "2015-07-17T13:39:00.314Z", "object_repr": "species", "object_id": "7", "change_message": "Changed sortOrder.", "user": ["wabarr"], "content_type": ["taxonomy", "rank"]}, "model": "admin.logentry", "pk": 29}, {"fields": {"action_flag": 2, "action_time": "2015-07-17T13:39:00.317Z", "object_repr": "subfamily", "object_id": "8", "change_message": "Changed sortOrder.", "user": ["wabarr"], "content_type": ["taxonomy", "rank"]}, "model": "admin.logentry", "pk": 30}, {"fields": {"action_flag": 2, "action_time": "2015-07-17T13:39:14.435Z", "object_repr": "genus", "object_id": "6", "change_message": "Changed parent.", "user": ["wabarr"], "content_type": ["taxonomy", "rank"]}, "model": "admin.logentry", "pk": 31}, {"fields": {"action_flag": 1, "action_time": "2015-07-17T13:39:41.603Z", "object_repr": "tribe", "object_id": "9", "change_message": "", "user": ["wabarr"], "content_type": ["taxonomy", "rank"]}, "model": "admin.logentry", "pk": 32}, {"fields": {"action_flag": 2, "action_time": "2015-07-17T13:39:55.705Z", "object_repr": "tribe", "object_id": "9", "change_message": "Changed sortOrder.", "user": ["wabarr"], "content_type": ["taxonomy", "rank"]}, "model": "admin.logentry", "pk": 33}, {"fields": {"action_flag": 2, "action_time": "2015-07-17T13:39:55.709Z", "object_repr": "genus", "object_id": "6", "change_message": "Changed sortOrder.", "user": ["wabarr"], "content_type": ["taxonomy", "rank"]}, "model": "admin.logentry", "pk": 34}, {"fields": {"action_flag": 2, "action_time": "2015-07-17T13:39:55.711Z", "object_repr": "species", "object_id": "7", "change_message": "Changed sortOrder.", "user": ["wabarr"], "content_type": ["taxonomy", "rank"]}, "model": "admin.logentry", "pk": 35}, {"fields": {"action_flag": 2, "action_time": "2015-07-17T13:40:13.634Z", "object_repr": "genus", "object_id": "6", "change_message": "Changed parent.", "user": ["wabarr"], "content_type": ["taxonomy", "rank"]}, "model": "admin.logentry", "pk": 36}, {"fields": {"action_flag": 1, "action_time": "2015-07-17T13:41:24.014Z", "object_repr": "Hominininae (SUBFAMILY)", "object_id": "6", "change_message": "", "user": ["wabarr"], "content_type": ["taxonomy", "taxon"]}, "model": "admin.logentry", "pk": 37}, {"fields": {"action_flag": 1, "action_time": "2015-07-17T13:41:33.713Z", "object_repr": "Hominini (TRIBE)", "object_id": "7", "change_message": "", "user": ["wabarr"], "content_type": ["taxonomy", "taxon"]}, "model": "admin.logentry", "pk": 38}, {"fields": {"action_flag": 1, "action_time": "2015-07-17T13:41:48.526Z", "object_repr": "Homo (GENUS)", "object_id": "8", "change_message": "", "user": ["wabarr"], "content_type": ["taxonomy", "taxon"]}, "model": "admin.logentry", "pk": 39}, {"fields": {"action_flag": 1, "action_time": "2015-07-17T13:41:58.154Z", "object_repr": "sapiens (SPECIES)", "object_id": "9", "change_message": "", "user": ["wabarr"], "content_type": ["taxonomy", "taxon"]}, "model": "admin.logentry", "pk": 40}, {"fields": {"action_flag": 1, "action_time": "2015-07-18T20:23:04.480Z", "object_repr": "fc4114e3cce1d739cf1bc579553084b51b979131", "object_id": "fc4114e3cce1d739cf1bc579553084b51b979131", "change_message": "", "user": ["wabarr"], "content_type": ["authtoken", "token"]}, "model": "admin.logentry", "pk": 41}, {"fields": {"action_flag": 2, "action_time": "2015-07-19T13:18:04.340Z", "object_repr": "fc4114e3cce1d739cf1bc579553084b51b979131", "object_id": "fc4114e3cce1d739cf1bc579553084b51b979131", "change_message": "No fields changed.", "user": ["wabarr"], "content_type": ["authtoken", "token"]}, "model": "admin.logentry", "pk": 42}, {"fields": {"action_flag": 3, "action_time": "2015-07-19T13:18:17.332Z", "object_repr": "fc4114e3cce1d739cf1bc579553084b51b979131", "object_id": "fc4114e3cce1d739cf1bc579553084b51b979131", "change_message": "", "user": ["wabarr"], "content_type": ["authtoken", "token"]}, "model": "admin.logentry", "pk": 43}, {"fields": {"action_flag": 1, "action_time": "2015-07-19T13:18:24.593Z", "object_repr": "c5c880a2dd862dd1563a918a77157ded12cc11bd", "object_id": "c5c880a2dd862dd1563a918a77157ded12cc11bd", "change_message": "", "user": ["wabarr"], "content_type": ["authtoken", "token"]}, "model": "admin.logentry", "pk": 44}, {"fields": {"action_flag": 3, "action_time": "2015-07-19T14:12:38.322Z", "object_repr": "pooper (KINGDOM)", "object_id": "10", "change_message": "", "user": ["wabarr"], "content_type": ["taxonomy", "taxon"]}, "model": "admin.logentry", "pk": 45}, {"fields": {"action_flag": 3, "action_time": "2015-07-19T14:17:45.676Z", "object_repr": "testfake (PHYLUM)", "object_id": "11", "change_message": "", "user": ["wabarr"], "content_type": ["taxonomy", "taxon"]}, "model": "admin.logentry", "pk": 46}, {"fields": {"action_flag": 2, "action_time": "2015-07-20T18:53:26.471Z", "object_repr": "sapiens (SPECIES)", "object_id": "9", "change_message": "No fields changed.", "user": ["wabarr"], "content_type": ["taxonomy", "taxon"]}, "model": "admin.logentry", "pk": 47}, {"fields": {"action_flag": 2, "action_time": "2015-07-20T18:53:48.202Z", "object_repr": "sapiens (SPECIES)", "object_id": "9", "change_message": "No fields changed.", "user": ["wabarr"], "content_type": ["taxonomy", "taxon"]}, "model": "admin.logentry", "pk": 48}, {"fields": {"action_flag": 1, "action_time": "2015-07-20T19:08:53.858Z", "object_repr": "Artiodactyla (ORDER)", "object_id": "12", "change_message": "", "user": ["wabarr"], "content_type": ["taxonomy", "taxon"]}, "model": "admin.logentry", "pk": 49}, {"fields": {"action_flag": 2, "action_time": "2015-07-20T19:11:34.630Z", "object_repr": "Artiodactyla (ORDER)", "object_id": "12", "change_message": "No fields changed.", "user": ["wabarr"], "content_type": ["taxonomy", "taxon"]}, "model": "admin.logentry", "pk": 50}, {"fields": {"action_flag": 1, "action_time": "2015-07-20T19:11:46.608Z", "object_repr": "Perissodactyla (ORDER)", "object_id": "13", "change_message": "", "user": ["wabarr"], "content_type": ["taxonomy", "taxon"]}, "model": "admin.logentry", "pk": 51}, {"fields": {"action_flag": 1, "action_time": "2015-07-20T19:28:26.371Z", "object_repr": "Tubulidentata (ORDER)", "object_id": "14", "change_message": "", "user": ["wabarr"], "content_type": ["taxonomy", "taxon"]}, "model": "admin.logentry", "pk": 52}, {"fields": {"action_flag": 1, "action_time": "2015-07-20T19:28:47.020Z", "object_repr": "Proboscidea (ORDER)", "object_id": "15", "change_message": "", "user": ["wabarr"], "content_type": ["taxonomy", "taxon"]}, "model": "admin.logentry", "pk": 53}, {"fields": {"action_flag": 1, "action_time": "2015-07-20T19:29:00.490Z", "object_repr": "Hyracoidea (ORDER)", "object_id": "16", "change_message": "", "user": ["wabarr"], "content_type": ["taxonomy", "taxon"]}, "model": "admin.logentry", "pk": 54}, {"fields": {"action_flag": 1, "action_time": "2015-07-20T19:29:41.983Z", "object_repr": "Lagomorpha (ORDER)", "object_id": "17", "change_message": "", "user": ["wabarr"], "content_type": ["taxonomy", "taxon"]}, "model": "admin.logentry", "pk": 55}, {"fields": {"action_flag": 1, "action_time": "2015-07-20T19:29:54.233Z", "object_repr": "Rodentia (ORDER)", "object_id": "18", "change_message": "", "user": ["wabarr"], "content_type": ["taxonomy", "taxon"]}, "model": "admin.logentry", "pk": 56}, {"fields": {"action_flag": 1, "action_time": "2015-07-20T19:30:53.136Z", "object_repr": "Soricidae (ORDER)", "object_id": "19", "change_message": "", "user": ["wabarr"], "content_type": ["taxonomy", "taxon"]}, "model": "admin.logentry", "pk": 57}, {"fields": {"action_flag": 1, "action_time": "2015-07-20T19:31:26.046Z", "object_repr": "Carnivora (ORDER)", "object_id": "20", "change_message": "", "user": ["wabarr"], "content_type": ["taxonomy", "taxon"]}, "model": "admin.logentry", "pk": 58}]